{
	"format_version": "1.8.0",
	"animations": {
		"misc.idle": {
			"loop": true,
			"animation_length": 2.3333,
			"bones": {
				"leg_fr_l": {
					"position": {
						"0.2083": {
							"vector": [0, 0, 0]
						},
						"0.25": [0, -0.00565, 0],
						"0.7917": [0, -0.1728, 0],
						"0.9167": {
							"vector": [0, -0.2, 0]
						},
						"0.9583": [0, -0.19665, 0],
						"1.5": [0, -0.11897, 0],
						"2.0417": [0, -0.03739, 0],
						"2.3333": {
							"vector": [0, 0, 0]
						}
					}
				},
				"leg_fr_r": {
					"position": {
						"0.2083": {
							"vector": [0, 0, 0]
						},
						"0.25": [0, -0.00565, 0],
						"0.7917": [0, -0.1728, 0],
						"0.9167": {
							"vector": [0, -0.2, 0]
						},
						"0.9583": [0, -0.19665, 0],
						"1.5": [0, -0.11897, 0],
						"2.0417": [0, -0.03739, 0],
						"2.3333": {
							"vector": [0, 0, 0]
						}
					}
				},
				"leg_ba_l": {
					"position": {
						"0.375": {
							"vector": [0, 0, 0]
						},
						"0.4167": [0, -0.00424, 0],
						"0.9583": [0, -0.1296, 0],
						"1.0833": {
							"vector": [0, -0.15, 0]
						},
						"1.125": [0, -0.14724, 0],
						"1.6667": [0, -0.08043, 0],
						"2.2083": [0, -0.01164, 0],
						"2.3333": {
							"vector": [0, 0, 0]
						}
					}
				},
				"leg_ba_r": {
					"position": {
						"0.375": {
							"vector": [0, 0, 0]
						},
						"0.4167": [0, -0.00424, 0],
						"0.9583": [0, -0.1296, 0],
						"1.0833": {
							"vector": [0, -0.15, 0]
						},
						"1.125": [0, -0.14724, 0],
						"1.6667": [0, -0.08043, 0],
						"2.2083": [0, -0.01164, 0],
						"2.3333": {
							"vector": [0, 0, 0]
						}
					}
				},
				"center": {
					"position": {
						"0.0": {
							"vector": [0, 0, 0]
						},
						"0.0417": [0, -0.00378, 0],
						"0.5833": [0, -0.09624, 0],
						"1.125": [0, -0.1904, 0],
						"1.2083": {
							"vector": [0, -0.2, 0]
						},
						"1.25": [0, -0.1948, 0],
						"1.7917": [0, -0.04654, 0],
						"2.0": {
							"vector": [0, 0, 0]
						}
					}
				},
				"front": {
					"position": {
						"0.0": {
							"vector": [0, 0, 0]
						},
						"0.0417": [0, -0.0026, 0],
						"0.5833": [0, -0.07673, 0],
						"0.7917": {
							"vector": [0, -0.1, 0]
						},
						"0.8333": [0, -0.09705, 0],
						"1.375": [0, -0.00827, 0],
						"1.4583": {
							"vector": [0, 0, 0]
						}
					}
				},
				"neck_start": {
					"position": {
						"0.1667": {
							"vector": [0, 0, 0]
						},
						"0.2083": [0, -0.0026, 0],
						"0.75": [0, -0.07673, 0],
						"0.9583": {
							"vector": [0, -0.1, 0]
						},
						"1.0": [0, -0.09718, 0],
						"1.5417": [0, -0.0136, 0],
						"1.6667": {
							"vector": [0, 0, 0]
						}
					}
				},
				"neck_end": {
					"position": {
						"0.625": {
							"vector": [0, 0, 0]
						},
						"0.6667": [0, -0.00282, 0],
						"1.2083": [0, -0.0864, 0],
						"1.3333": {
							"vector": [0, -0.1, 0]
						},
						"1.375": [0, -0.09782, 0],
						"1.9167": [0, -0.04075, 0],
						"2.3333": {
							"vector": [0, 0, 0]
						}
					}
				},
				"back": {
					"position": {
						"0.2917": {
							"vector": [0, 0, 0]
						},
						"0.3333": [0, -0.0026, 0],
						"0.875": [0, -0.07673, 0],
						"1.0833": {
							"vector": [0, -0.1, 0]
						},
						"1.125": [0, -0.09758, 0],
						"1.6667": [0, -0.03129, 0],
						"1.9583": {
							"vector": [0, 0, 0]
						}
					}
				},
				"almost_tail": {
					"position": {
						"0.6667": {
							"vector": [0, 0, 0]
						},
						"0.7083": [0, -0.00212, 0],
						"1.25": [0, -0.05663, 0],
						"1.7083": {
							"vector": [0, -0.1, 0]
						},
						"1.75": [0, -0.0969, 0],
						"2.2917": [0, -0.0031, 0],
						"2.3333": {
							"vector": [0, 0, 0]
						}
					}
				}
			}
		},
		"move.walk": {
			"loop": true,
			"animation_length": 0.7083,
			"bones": {
				"leg_fr_l": {
					"rotation": {
						"0.0": {
							"post": {
								"vector": [0, 0, 0]
							},
							"lerp_mode": "catmullrom"
						},
						"0.0833": {
							"post": {
								"vector": [-34.0065, -10.3992, -1.9114]
							},
							"lerp_mode": "catmullrom"
						},
						"0.1667": {
							"post": {
								"vector": [-26.7383, -12.635, -0.7667]
							},
							"lerp_mode": "catmullrom"
						},
						"0.25": {
							"post": {
								"vector": [-13.7653, -8.372, 2.4008]
							},
							"lerp_mode": "catmullrom"
						},
						"0.3333": {
							"post": {
								"vector": [-22.2759, -7.1497, 6.5062]
							},
							"lerp_mode": "catmullrom"
						},
						"0.4583": {
							"post": {
								"vector": [-32.2629, -5.9173, 7.6459]
							},
							"lerp_mode": "catmullrom"
						},
						"0.6667": {
							"post": {
								"vector": [0, 0, 0]
							},
							"lerp_mode": "catmullrom"
						}
					},
					"position": {
						"0.0": {
							"post": {
								"vector": [0, 0, 0]
							},
							"lerp_mode": "catmullrom"
						},
						"0.0833": {
							"post": {
								"vector": [0, 0.3, -0.7]
							},
							"lerp_mode": "catmullrom"
						},
						"0.1667": {
							"post": {
								"vector": [0, -0.1, -0.6]
							},
							"lerp_mode": "catmullrom"
						},
						"0.25": {
							"post": {
								"vector": [0, -0.1, -0.4]
							},
							"lerp_mode": "catmullrom"
						},
						"0.3333": {
							"post": {
								"vector": [-0.1, -0.1, 0]
							},
							"lerp_mode": "catmullrom"
						},
						"0.4583": {
							"post": {
								"vector": [-0.1, -0.1, 0]
							},
							"lerp_mode": "catmullrom"
						},
						"0.6667": {
							"post": {
								"vector": [0, 0, 0]
							},
							"lerp_mode": "catmullrom"
						}
					}
				},
				"leg_fr_r": {
					"rotation": {
						"0.0": {
							"post": {
								"vector": [0, 0, 0]
							},
							"lerp_mode": "catmullrom"
						},
						"0.2083": {
							"post": {
								"vector": [-34.0065, 10.3992, 1.9114]
							},
							"lerp_mode": "catmullrom"
						},
						"0.375": {
							"post": {
								"vector": [-26.7383, 12.635, 0.7667]
							},
							"lerp_mode": "catmullrom"
						},
						"0.4583": {
							"post": {
								"vector": [-13.7653, 8.372, -2.4008]
							},
							"lerp_mode": "catmullrom"
						},
						"0.5417": {
							"post": {
								"vector": [-22.2759, 7.1497, -6.5062]
							},
							"lerp_mode": "catmullrom"
						},
						"0.625": {
							"post": {
								"vector": [-32.2629, 5.9173, -7.6459]
							},
							"lerp_mode": "catmullrom"
						},
						"0.7083": {
							"post": {
								"vector": [0, 0, 0]
							},
							"lerp_mode": "catmullrom"
						}
					},
					"position": {
						"0.0": {
							"post": {
								"vector": [0, 0, 0]
							},
							"lerp_mode": "catmullrom"
						},
						"0.2083": {
							"post": {
								"vector": [0, 0.3, -0.7]
							},
							"lerp_mode": "catmullrom"
						},
						"0.375": {
							"post": {
								"vector": [0, -0.1, -0.6]
							},
							"lerp_mode": "catmullrom"
						},
						"0.4583": {
							"post": {
								"vector": [0, -0.1, -0.4]
							},
							"lerp_mode": "catmullrom"
						},
						"0.5417": {
							"post": {
								"vector": [0.1, -0.1, 0]
							},
							"lerp_mode": "catmullrom"
						},
						"0.625": {
							"post": {
								"vector": [0.1, -0.1, 0]
							},
							"lerp_mode": "catmullrom"
						},
						"0.7083": {
							"post": {
								"vector": [0, 0, 0]
							},
							"lerp_mode": "catmullrom"
						}
					}
				},
				"leg_ba_l": {
					"rotation": {
						"0.0": {
							"post": {
								"vector": [0, 0, 0]
							},
							"lerp_mode": "catmullrom"
						},
						"0.125": {
							"post": {
								"vector": [-34.0065, -10.3992, -1.9114]
							},
							"lerp_mode": "catmullrom"
						},
						"0.375": {
							"post": {
								"vector": [-26.7383, -12.635, -0.7667]
							},
							"lerp_mode": "catmullrom"
						},
						"0.4583": {
							"post": {
								"vector": [-13.7653, -8.372, 2.4008]
							},
							"lerp_mode": "catmullrom"
						},